{
  "Base": [
    0.5520506194309142,
    0.0155460115929089
  ],
  "GradDiff": [
    0.1754836225898006,
    0.030438112778670156
  ],
  "SimNPO": [
    0.17934994345702285,
    0.018423608454046985
  ],
  "RMU": [
    0.17139778682944262,
    0.01869779344866178
  ],
  "NPO": [
    0.20258476452578925,
    0.02080706748908264
  ],
  "GradDiff_relearn": [
    0.24425871534896285,
    null
  ],
  "SimNPO_relearn": [
    0.21091980725968607,
    null
  ],
  "RMU_relearn": [
    0.25100407923805806,
    null
  ],
  "NPO_relearn": [
    0.23340300799318164,
    null
  ]
}